Name	Completeness	Contamination	Completeness_Model_Used	Translation_Table_Used	Coding_Density	Contig_N50	Average_Gene_Length	Genome_Size	GC_Content	Total_Coding_Sequences	Total_Contigs	Max_Contig_Length	Additional_Notes
ERR2641635_bin.10	77.21	18.11	Neural Network (Specific Model)	11	0.882	106094	353.7059118236473	2397638	0.6	1996	34	598462	None
ERR2641635_bin.11	91.41	0.05	Neural Network (Specific Model)	11	0.841	11432	316.9450121654501	2319030	0.57	2055	267	44740	None
ERR2641635_bin.12	6.49	0.03	Neural Network (Specific Model)	11	0.891	19505	256.0982905982906	201172	0.53	234	19	64753	None
ERR2641635_bin.13	91.4	0.86	Neural Network (Specific Model)	11	0.907	63781	318.1881589618816	2590906	0.44	2466	61	171248	None
ERR2641635_bin.14	85.43	1.35	Gradient Boost (General Model)	11	0.883	23492	335.46811279826466	2622402	0.44	2305	175	83813	None
ERR2641635_bin.17	18.96	0.01	Neural Network (Specific Model)	11	0.906	106548	347.6179487179487	448467	0.62	390	11	123907	None
ERR2641635_bin.19	67.05	3.08	Neural Network (Specific Model)	11	0.882	4602	285.12513842746404	1749492	0.61	1806	432	49933	None
ERR2641635_bin.21	81.68	17.17	Neural Network (Specific Model)	11	0.895	6848	295.11933260790715	2722473	0.44	2757	518	30772	None
ERR2641635_bin.23	68.34	4.62	Neural Network (Specific Model)	11	0.882	34059	322.7	1710886	0.61	1560	81	71239	None
ERR2641635_bin.26	8.04	0.1	Neural Network (Specific Model)	11	0.857	7034	246.19272727272727	236263	0.45	275	40	25140	None
ERR2641635_bin.28	46.21	1.96	Gradient Boost (General Model)	11	0.888	3628	253.95404814004377	1173900	0.6	1371	360	11660	None
ERR2641635_bin.3	41.57	0.11	Neural Network (Specific Model)	11	0.898	213323	328.1653439153439	827252	0.59	756	5	274123	None
ERR2641635_bin.30	54.86	0.06	Gradient Boost (General Model)	11	0.93	3464	270.09090909090907	1003751	0.48	1155	319	12488	None
ERR2641635_bin.36	96.91	4.22	Neural Network (Specific Model)	11	0.89	78301	330.0358350236646	3284667	0.43	2958	79	389603	None
ERR2641635_bin.37	73.71	24.98	Neural Network (Specific Model)	11	0.899	26329	326.8800705467372	2470630	0.42	2268	158	73267	None
ERR2641635_bin.4	8.4	0.09	Neural Network (Specific Model)	11	0.86	31502	273.4297872340426	223285	0.48	235	16	43873	None
ERR2641635_bin.40	29.63	0.03	Neural Network (Specific Model)	11	0.903	22424	310.5219858156028	725757	0.5	705	60	69963	None
ERR2641635_bin.41	78.38	0.17	Neural Network (Specific Model)	11	0.893	22482	336.5092807424594	1946453	0.43	1724	131	72235	None
ERR2641635_bin.42	76.79	2.66	Neural Network (Specific Model)	11	0.911	7695	302.17582897033157	2277321	0.38	2292	380	45697	None
ERR2641635_bin.43	13.09	0.02	Neural Network (Specific Model)	11	0.858	36313	295.0191489361702	483901	0.41	470	25	59685	None
ERR2641635_bin.45	83.25	0.23	Neural Network (Specific Model)	11	0.925	5505	308.17472698907955	1918476	0.37	1923	438	22478	None
ERR2641635_bin.46	59.96	0.18	Neural Network (Specific Model)	11	0.909	124151	364.46189279731993	2867737	0.44	2388	36	240482	None
ERR2641635_bin.49	82.18	0.86	Neural Network (Specific Model)	11	0.906	199811	382.41634491634494	3932740	0.41	3108	46	615599	None
ERR2641635_bin.5	45.8	0.06	Neural Network (Specific Model)	11	0.873	147299	392.04415584415585	1036015	0.6	770	9	409111	None
ERR2641635_bin.50	98.62	0.46	Gradient Boost (General Model)	11	0.9	51365	296.94939493949397	1795368	0.46	1818	46	139750	None
ERR2641635_bin.51	6.84	0.02	Neural Network (Specific Model)	11	0.86	9631	295.83093525179856	286666	0.36	278	37	34407	None
ERR2641635_bin.53	90.4	2.54	Gradient Boost (General Model)	11	0.898	22953	279.09724186704386	2630225	0.29	2828	221	72089	None
ERR2641635_bin.54	80.36	0.95	Neural Network (Specific Model)	11	0.875	27290	315.1840978593272	1765839	0.6	1635	96	72630	None
ERR2641635_bin.56	54.89	8.4	Neural Network (Specific Model)	11	0.867	2874	268.33595671421546	1884994	0.38	2033	675	11535	None
ERR2641635_bin.58	5.4	0.0	Neural Network (Specific Model)	11	0.917	48204	294.42857142857144	235576	0.48	245	5	100172	None
ERR2641635_bin.6	97.11	7.48	Neural Network (Specific Model)	11	0.901	45918	307.87974882260596	3260108	0.41	3185	132	132672	None
ERR2641635_bin.60	95.71	1.52	Gradient Boost (General Model)	11	0.895	51132	311.4024468770122	1618215	0.28	1553	55	140276	None
ERR2641635_bin.61	99.81	3.4	Neural Network (Specific Model)	11	0.852	63079	333.250501002004	2925271	0.37	2495	83	133744	None
ERR2641635_bin.62	87.38	9.09	Neural Network (Specific Model)	11	0.863	20628	314.8145488604433	3498944	0.42	3203	274	114554	None
ERR2641635_bin.63	5.38	0.0	Neural Network (Specific Model)	11	0.878	37092	305.1485148514852	210070	0.47	202	6	57470	None
ERR2641635_bin.64	12.98	0.01	Neural Network (Specific Model)	11	0.869	293039	339.6461038961039	360418	0.61	308	2	293039	None
ERR2641635_bin.7	48.61	0.1	Neural Network (Specific Model)	11	0.879	3973	263.9818181818182	1137727	0.6	1265	310	17398	None
ERR2641635_bin.8	90.92	5.43	Neural Network (Specific Model)	11	0.898	19576	307.20921305182344	2669542	0.37	2605	202	74507	None
ERR2641677_bin.1	84.89	0.01	Neural Network (Specific Model)	11	0.895	47763	346.735278791037	2225434	0.42	1919	72	286436	None
ERR2641677_bin.10	87.95	2.2	Neural Network (Specific Model)	11	0.908	9504	301.5220588235294	2164840	0.38	2176	324	35929	None
ERR2641677_bin.11	78.13	0.0	Neural Network (Specific Model)	11	0.894	162736	318.467731629393	1668767	0.46	1565	15	309190	None
ERR2641677_bin.12	12.09	0.01	Neural Network (Specific Model)	11	0.881	45263	317.05592105263156	327468	0.54	304	14	73426	None
ERR2641677_bin.13	93.03	1.21	Neural Network (Specific Model)	11	0.898	25274	296.7239610056439	1927808	0.34	1949	126	56407	None
ERR2641677_bin.14	95.3	1.1	Neural Network (Specific Model)	11	0.874	69509	341.9448071216617	1975838	0.6	1685	40	187497	None
ERR2641677_bin.15	39.82	0.02	Gradient Boost (General Model)	11	0.908	10161	308.12089077412514	958562	0.47	943	128	30464	None
ERR2641677_bin.17	89.57	48.0	Gradient Boost (General Model)	11	0.872	10560	283.4294593813241	6729350	0.41	6918	914	147318	None
ERR2641677_bin.18	71.33	6.4	Neural Network (Specific Model)	11	0.893	11960	340.7561090225564	2433316	0.44	2128	311	60426	None
ERR2641677_bin.19	99.73	6.71	Neural Network (Specific Model)	11	0.899	53187	361.76054254007397	4890699	0.42	4055	159	195108	None
ERR2641677_bin.2	29.84	17.53	Gradient Boost (General Model)	11	0.874	3026	231.28590269636578	5399853	0.35	6824	1840	26378	Low confidence prediction - substantial (32%) disagreement between completeness prediction models
ERR2641677_bin.20	93.51	1.18	Gradient Boost (General Model)	11	0.873	25946	300.49631578947367	1959147	0.59	1900	111	56610	None
ERR2641677_bin.22	100.0	0.17	Gradient Boost (General Model)	11	0.893	13424	286.13093289689033	1760021	0.49	1833	169	43596	None
ERR2641677_bin.23	16.34	1.34	Neural Network (Specific Model)	11	0.877	19694	259.46531483457846	829033	0.52	937	66	156765	None
ERR2641677_bin.24	10.88	0.1	Neural Network (Specific Model)	11	0.82	51667	234.29792147806003	370468	0.41	433	17	71847	None
ERR2641677_bin.25	23.84	0.01	Neural Network (Specific Model)	11	0.815	34834	304.0833333333333	482497	0.47	432	22	120735	None
ERR2641677_bin.26	100.0	0.16	Neural Network (Specific Model)	11	0.887	88595	349.27502175805046	2709916	0.56	2298	47	197313	None
ERR2641677_bin.27	62.11	0.74	Neural Network (Specific Model)	11	0.91	3805	306.40574809805577	2385534	0.44	2366	676	13184	None
ERR2641677_bin.30	62.95	6.87	Gradient Boost (General Model)	11	0.908	2455	250.69725306838106	1413766	0.63	1711	571	7865	None
ERR2641677_bin.32	80.41	1.35	Neural Network (Specific Model)	11	0.908	6632	343.61742574257426	2862390	0.39	2525	543	28322	None
ERR2641677_bin.36	89.97	1.05	Neural Network (Specific Model)	11	0.903	67777	319.5473924628854	2782505	0.44	2627	66	217242	None
ERR2641677_bin.37	18.94	3.65	Neural Network (Specific Model)	11	0.861	13082	259.02025316455695	1421355	0.37	1580	187	71693	None
ERR2641677_bin.38	5.01	0.04	Neural Network (Specific Model)	11	0.818	7966	218.04792332268372	249185	0.36	313	48	15639	None
ERR2641677_bin.39	100.0	1.14	Gradient Boost (General Model)	11	0.898	50068	337.1666666666667	2720978	0.44	2418	82	165917	None
ERR2641677_bin.4	20.03	0.01	Neural Network (Specific Model)	11	0.912	261839	325.50387596899225	413564	0.41	387	3	261839	None
ERR2641677_bin.41	76.4	5.54	Neural Network (Specific Model)	11	0.896	8123	301.07003444316877	2628356	0.44	2613	450	36381	None
ERR2641677_bin.43	9.56	0.27	Neural Network (Specific Model)	11	0.861	6736	243.78922716627633	361418	0.52	427	65	29289	None
ERR2641677_bin.45	52.09	0.1	Neural Network (Specific Model)	11	0.906	3713	278.4577530176416	991951	0.55	1077	292	10717	None
ERR2641677_bin.46	99.98	13.08	Neural Network (Specific Model)	11	0.907	47733	354.32922456297626	5221782	0.47	4462	193	154289	None
ERR2641677_bin.47	100.0	2.63	Neural Network (Specific Model)	11	0.876	171492	356.64433551198255	2238736	0.56	1836	27	370725	None
ERR2641677_bin.48	60.36	3.88	Neural Network (Specific Model)	11	0.942	3403	276.67392883079157	1211572	0.38	1377	385	11182	None
ERR2641677_bin.49	92.46	43.12	Neural Network (Specific Model)	11	0.896	4647	285.0322865988501	4306522	0.45	4522	1070	55248	None
ERR2641677_bin.5	99.2	0.08	Neural Network (Specific Model)	11	0.883	41160	331.9679001337494	2526730	0.36	2243	100	111658	None
ERR2641677_bin.50	86.69	3.29	Neural Network (Specific Model)	11	0.904	33553	362.695374800638	3767855	0.46	3135	178	152239	None
ERR2641677_bin.51	59.84	0.87	Gradient Boost (General Model)	11	0.908	7081	272.6822066822067	1157257	0.42	1287	209	27793	None
ERR2641677_bin.52	12.97	0.85	Neural Network (Specific Model)	11	0.827	50593	307.09963099630994	602458	0.39	542	21	83117	None
ERR2641677_bin.53	78.78	1.03	Gradient Boost (General Model)	11	0.89	14864	303.57466063348414	1806585	0.62	1768	161	52404	None
ERR2641677_bin.54	43.23	7.87	Gradient Boost (General Model)	11	0.896	2342	229.60562603419746	1391643	0.61	1813	611	5649	None
ERR2641677_bin.55	49.19	0.53	Neural Network (Specific Model)	11	0.932	2768	255.94728033472802	981805	0.36	1195	361	9896	None
ERR2641677_bin.56	8.98	0.02	Neural Network (Specific Model)	11	0.867	8992	284.1834862385321	321042	0.34	327	40	41833	None
ERR2641677_bin.57	13.85	0.0	Neural Network (Specific Model)	11	0.915	16186	316.4608150470219	330011	0.44	319	28	37858	None
ERR2641677_bin.58	7.23	0.02	Neural Network (Specific Model)	11	0.907	202109	258.39516129032256	211366	0.35	248	6	202109	None
ERR2641677_bin.59	61.79	12.87	Gradient Boost (General Model)	11	0.898	2786	252.95929648241207	1678745	0.6	1990	615	11505	None
ERR2641677_bin.6	89.34	42.56	Neural Network (Specific Model)	11	0.888	43929	321.4524397776405	3509329	0.42	3238	118	128228	None
ERR2641677_bin.60	99.97	1.27	Neural Network (Specific Model)	11	0.868	174395	322.84290798169803	2192284	0.55	1967	25	263095	None
ERR2641677_bin.64	79.51	10.06	Neural Network (Specific Model)	11	0.9	7202	293.3583646224447	2338571	0.42	2397	434	37247	None
ERR2641677_bin.65	77.61	1.05	Neural Network (Specific Model)	11	0.903	81483	355.09211069805866	2851878	0.46	2421	66	222974	None
ERR2641677_bin.67	45.99	0.38	Neural Network (Specific Model)	11	0.873	3974	278.7281831187411	1336842	0.5	1398	366	23463	None
ERR2641677_bin.69	5.51	0.0	Neural Network (Specific Model)	11	0.924	13058	384.90582959641256	278602	0.48	223	38	28222	None
ERR2641677_bin.71	85.11	0.02	Neural Network (Specific Model)	11	0.884	38622	326.5321782178218	2680846	0.49	2424	133	181600	None
ERR2641677_bin.73	92.05	1.85	Neural Network (Specific Model)	11	0.879	41087	342.92346089850247	2107921	0.6	1803	86	178282	None
ERR2641677_bin.75	54.56	3.78	Neural Network (Specific Model)	11	0.882	3388	260.0633903133903	1240310	0.62	1404	394	16458	None
ERR2641677_bin.8	100.0	1.33	Gradient Boost (General Model)	11	0.88	157570	316.77279673968417	2115851	0.41	1963	23	306547	None
ERR2641677_bin.9	4.45	0.01	Neural Network (Specific Model)	11	0.879	40169	252.42857142857142	240439	0.5	280	7	69716	None
ERR2641733_bin.1	7.53	0.0	Neural Network (Specific Model)	11	0.925	130906	386.3707865168539	222673	0.47	178	3	130906	None
ERR2641733_bin.12	73.78	11.58	Gradient Boost (General Model)	11	0.898	4346	271.47315315315313	2512503	0.59	2775	677	21104	None
ERR2641733_bin.14	52.57	0.01	Neural Network (Specific Model)	11	0.903	3091	295.1153519932146	1153425	0.49	1179	386	10680	None
ERR2641733_bin.2	95.08	0.28	Gradient Boost (General Model)	11	0.9	19833	321.4280753968254	2155900	0.55	2016	157	91019	None
ERR2641733_bin.20	6.98	0.0	Neural Network (Specific Model)	11	0.85	28243	242.54615384615386	221861	0.54	260	18	62085	None
ERR2641733_bin.21	94.42	0.27	Neural Network (Specific Model)	11	0.915	23377	327.71971066907776	2372298	0.38	2212	154	117026	None
ERR2641733_bin.23	7.49	0.0	Neural Network (Specific Model)	11	0.874	38922	311.004329004329	245965	0.49	231	13	76350	None
ERR2641733_bin.25	85.18	6.92	Neural Network (Specific Model)	11	0.911	59201	355.64936596874077	3968528	0.44	3391	111	154486	None
ERR2641733_bin.27	64.78	0.43	Neural Network (Specific Model)	11	0.878	4393	293.4778393351801	1445816	0.6	1444	376	22576	None
ERR2641733_bin.28	56.86	0.61	Neural Network (Specific Model)	11	0.891	109465	349.30421377183967	1142815	0.55	973	22	358118	None
ERR2641733_bin.29	8.15	0.0	Neural Network (Specific Model)	11	0.893	2333	249.90530303030303	221247	0.61	264	95	5772	None
ERR2641733_bin.3	86.04	0.2	Gradient Boost (General Model)	11	0.864	6750	291.73979280926267	1660308	0.45	1641	311	45473	None
ERR2641733_bin.30	30.31	0.0	Neural Network (Specific Model)	11	0.865	71947	380.2475442043222	671195	0.6	509	14	168072	None
ERR2641733_bin.31	4.91	0.03	Neural Network (Specific Model)	11	0.882	5651	240.00375939849624	216056	0.53	266	42	30437	None
ERR2641733_bin.32	6.04	0.0	Neural Network (Specific Model)	11	0.885	16752	315.93728222996515	306752	0.38	287	25	100823	None
ERR2641733_bin.33	7.1	0.0	Neural Network (Specific Model)	11	0.896	11461	222.6102564102564	289661	0.54	390	46	44998	None
ERR2641733_bin.35	85.83	4.3	Neural Network (Specific Model)	11	0.867	14193	299.8082271147161	3575026	0.42	3452	417	51406	None
ERR2641733_bin.36	33.34	0.74	Neural Network (Specific Model)	11	0.9	2722	254.51533742331287	828167	0.55	978	307	7682	None
ERR2641733_bin.37	97.98	0.75	Gradient Boost (General Model)	11	0.896	93627	337.9151420786298	2902920	0.44	2569	38	230466	None
ERR2641733_bin.38	50.57	6.64	Gradient Boost (General Model)	11	0.92	2913	252.79890975166566	1358554	0.61	1651	482	8097	None
ERR2641733_bin.39	88.63	47.58	Neural Network (Specific Model)	11	0.923	6406	340.667107001321	5862523	0.6	5299	1168	72291	None
ERR2641733_bin.4	20.5	1.94	Neural Network (Specific Model)	11	0.948	2104	286.56150793650795	456137	0.33	504	208	7515	None
ERR2641733_bin.40	86.11	2.26	Gradient Boost (General Model)	11	0.911	16464	312.65057332528664	1704033	0.61	1657	156	83487	None
ERR2641733_bin.41	13.38	0.0	Neural Network (Specific Model)	11	0.907	2562	243.72124756335282	413047	0.59	513	168	5819	None
ERR2641733_bin.42	80.21	2.93	Gradient Boost (General Model)	11	0.888	4067	273.6982392228294	1521602	0.61	1647	419	19681	None
ERR2641733_bin.44	38.84	0.0	Neural Network (Specific Model)	11	0.882	3008	266.8638589618022	924952	0.57	1021	321	9171	None
ERR2641733_bin.47	50.34	1.66	Neural Network (Specific Model)	11	0.886	3421	261.05792044661547	1264380	0.6	1433	405	13176	None
ERR2641733_bin.48	8.44	0.02	Neural Network (Specific Model)	11	0.938	2364	270.2918032786885	263066	0.46	305	111	6189	None
ERR2641733_bin.5	64.35	0.03	Neural Network (Specific Model)	11	0.867	13047	297.413357400722	1137494	0.47	1108	125	60493	None
ERR2641733_bin.50	97.02	17.77	Gradient Boost (General Model)	11	0.883	7142	275.5701029433087	6443376	0.39	6897	1291	44105	None
ERR2641733_bin.51	86.71	4.98	Gradient Boost (General Model)	11	0.87	29848	301.04822616407984	1870515	0.59	1804	103	110586	None
ERR2641733_bin.52	22.21	0.03	Neural Network (Specific Model)	11	0.928	2531	278.98010610079575	678692	0.43	754	273	6834	None
ERR2641733_bin.53	99.89	0.71	Neural Network (Specific Model)	11	0.874	138162	338.2031504617056	2135058	0.6	1841	29	211177	None
ERR2641733_bin.55	78.3	1.76	Neural Network (Specific Model)	11	0.905	6628	329.9147694103911	1870631	0.56	1713	338	37334	None
ERR2641733_bin.58	38.31	0.17	Neural Network (Specific Model)	11	0.883	74321	304.9842041312272	851517	0.39	823	20	135002	None
ERR2641733_bin.6	93.83	10.86	Neural Network (Specific Model)	11	0.879	30884	317.46070075757575	2287090	0.59	2112	106	108083	None
ERR2641733_bin.60	31.01	0.35	Neural Network (Specific Model)	11	0.844	15788	306.519578313253	722407	0.52	664	72	66254	None
ERR2641733_bin.61	92.4	1.14	Neural Network (Specific Model)	11	0.902	22709	363.63580761745897	4342242	0.42	3597	304	83729	None
ERR2641733_bin.62	13.45	0.01	Neural Network (Specific Model)	11	0.811	63656	301.83892617449663	332175	0.47	298	14	70018	None
ERR2641733_bin.64	5.65	0.02	Neural Network (Specific Model)	11	0.849	197276	260.03041825095056	241552	0.47	263	3	197276	None
ERR2641733_bin.65	74.1	7.54	Gradient Boost (General Model)	11	0.881	5313	272.2627358490566	1962229	0.58	2120	441	30199	None
ERR2641733_bin.7	45.17	0.11	Neural Network (Specific Model)	11	0.865	59347	373.3835978835979	977458	0.57	756	28	153187	None
ERR2641733_bin.70	99.93	0.44	Neural Network (Specific Model)	11	0.868	72978	326.1073362875431	2285927	0.55	2031	50	254698	None
ERR2641733_bin.71	83.19	0.15	Neural Network (Specific Model)	11	0.917	5579	351.9184925503944	2623537	0.44	2282	574	21710	None
ERR2641733_bin.72	75.56	1.06	Gradient Boost (General Model)	11	0.905	6190	287.473131562693	1540443	0.54	1619	290	32624	None
ERR2641733_bin.73	70.51	0.21	Neural Network (Specific Model)	11	0.9	14115	317.0062929061785	1844383	0.43	1748	182	38936	None
ERR2641733_bin.74	77.48	0.5	Gradient Boost (General Model)	11	0.886	58101	328.6221889055472	1482129	0.47	1334	48	209130	None
ERR2641733_bin.75	21.33	1.53	Neural Network (Specific Model)	11	0.895	2320	248.3425559947299	630739	0.59	759	267	7367	None
ERR2641733_bin.77	15.64	0.0	Neural Network (Specific Model)	11	0.879	94885	392.04247104247105	346361	0.6	259	6	95924	None
ERR2641733_bin.79	11.03	0.04	Neural Network (Specific Model)	11	0.867	15403	281.62015503875966	375925	0.4	387	47	64893	None
ERR2641733_bin.80	23.82	0.83	Neural Network (Specific Model)	11	0.877	2853	257.05719557195573	476006	0.57	542	173	6994	None
ERR2641733_bin.81	25.87	4.05	Neural Network (Specific Model)	11	0.859	7428	243.1638741315897	2071076	0.36	2447	409	32418	None
ERR2641733_bin.9	77.37	0.79	Neural Network (Specific Model)	11	0.898	24083	338.60625	2347379	0.48	2080	151	92907	None
SRR059458_bin.1	23.62	0.0	Neural Network (Specific Model)	11	0.871	107025	357.22049689440996	396042	0.42	322	3	194789	None
SRR059458_bin.10	80.99	35.06	Neural Network (Specific Model)	11	0.889	6417	326.56317093311316	2664672	0.53	2422	509	29373	None
SRR059458_bin.11	23.7	0.0	Neural Network (Specific Model)	11	0.878	239484	383.8910891089109	397371	0.4	303	2	239484	None
SRR059458_bin.13	33.9	13.76	Neural Network (Specific Model)	11	0.869	5368	294.5660847880299	1221867	0.52	1203	281	18685	None
SRR059458_bin.14	85.95	1.48	Gradient Boost (General Model)	11	0.913	22648	333.6475195822454	1675612	0.53	1532	116	62301	None
SRR059458_bin.18	25.15	1.62	Neural Network (Specific Model)	11	0.896	6072	325.05210420841684	542879	0.54	499	109	17048	None
SRR059458_bin.19	46.01	0.34	Neural Network (Specific Model)	11	0.877	213112	388.839530332681	679152	0.44	511	8	302362	None
SRR059458_bin.2	70.04	1.14	Neural Network (Specific Model)	11	0.899	4150	295.27735517846696	1681538	0.48	1709	469	13822	None
SRR059458_bin.20	42.13	0.06	Neural Network (Specific Model)	11	0.915	3023	286.5783439490446	736164	0.45	785	251	11158	None
SRR059458_bin.21	84.34	2.7	Neural Network (Specific Model)	11	0.914	4533	303.5502354788069	1267546	0.27	1274	321	23488	None
SRR059458_bin.22	86.25	1.84	Neural Network (Specific Model)	11	0.88	10972	334.8613485280152	1201021	0.43	1053	154	75817	None
SRR059458_bin.24	84.0	0.06	Neural Network (Specific Model)	11	0.882	47533	352.2298221614227	1750512	0.35	1462	64	107961	None
SRR059458_bin.25	8.22	0.07	Neural Network (Specific Model)	11	0.848	6108	276.29795918367347	239119	0.42	245	47	12847	None
SRR059458_bin.26	99.15	0.36	Neural Network (Specific Model)	11	0.892	96733	321.09970674486806	1470774	0.39	1364	35	200238	None
SRR059458_bin.27	46.5	0.95	Neural Network (Specific Model)	11	0.888	20734	307.7807570977918	658292	0.37	634	44	65253	None
SRR059458_bin.28	50.09	0.06	Neural Network (Specific Model)	11	0.921	11421	300.00191570881225	508823	0.33	522	63	30053	None
SRR059458_bin.29	33.21	1.73	Neural Network (Specific Model)	11	0.925	3816	300.50145772594755	667582	0.55	686	194	11534	None
SRR059458_bin.30	24.97	0.01	Neural Network (Specific Model)	11	0.922	75811	353.0126582278481	271946	0.39	237	8	83007	None
SRR059458_bin.33	83.1	4.66	Neural Network (Specific Model)	11	0.914	4150	277.5693215339233	1232527	0.32	1356	342	18046	None
SRR059458_bin.4	13.35	0.02	Neural Network (Specific Model)	11	0.884	2665	275.94354838709677	347935	0.47	372	128	7949	None
SRR059458_bin.5	31.68	0.13	Neural Network (Specific Model)	11	0.956	2826	299.7097902097902	805283	0.46	858	294	9027	None
SRR059458_bin.6	90.24	0.0	Neural Network (Specific Model)	11	0.902	67063	328.41811846689893	1563741	0.47	1435	39	123692	None
SRR059458_bin.7	86.26	1.04	Neural Network (Specific Model)	11	0.884	8231	321.7065963060686	2066064	0.39	1895	348	31987	None
SRR059458_bin.8	32.9	0.39	Neural Network (Specific Model)	11	0.89	16346	352.81799591002044	581022	0.39	489	46	64023	None
SRR059458_bin.9	55.96	0.55	Neural Network (Specific Model)	11	0.876	15137	355.978386167147	844896	0.43	694	87	33624	None
SRR059459_bin.10	81.93	50.15	Neural Network (Specific Model)	11	0.89	5923	325.06236559139785	3054836	0.53	2790	617	26127	None
SRR059459_bin.11	60.5	0.8	Neural Network (Specific Model)	11	0.875	18890	353.83756345177665	954661	0.42	788	91	70982	None
SRR059459_bin.12	13.93	0.01	Neural Network (Specific Model)	11	0.934	3838	305.1443298969072	284842	0.53	291	77	10611	None
SRR059459_bin.13	48.59	0.02	Neural Network (Specific Model)	11	0.921	10896	305.770325203252	488838	0.32	492	69	46220	None
SRR059459_bin.15	81.45	0.23	Neural Network (Specific Model)	11	0.88	37282	343.768253968254	1843471	0.35	1575	76	96312	None
SRR059459_bin.18	64.88	0.44	Gradient Boost (General Model)	11	0.908	99426	356.8258706467662	1183484	0.42	1005	32	145438	None
SRR059459_bin.19	21.51	0.58	Neural Network (Specific Model)	11	0.948	2149	263.59528907922913	388507	0.31	467	178	6434	None
SRR059459_bin.2	23.71	0.0	Neural Network (Specific Model)	11	0.878	239887	382.9703947368421	397774	0.4	304	2	239887	None
SRR059459_bin.20	20.55	0.0	Neural Network (Specific Model)	11	0.919	71465	393.3157894736842	268133	0.44	209	6	85136	None
SRR059459_bin.21	99.98	0.75	Neural Network (Specific Model)	11	0.909	48389	349.89580908032593	1980449	0.56	1718	60	103831	None
SRR059459_bin.22	77.95	2.33	Neural Network (Specific Model)	11	0.922	4382	287.98489140698774	990667	0.32	1059	257	13540	None
SRR059459_bin.24	37.47	0.03	Neural Network (Specific Model)	11	0.91	2894	275.6831955922865	658194	0.45	726	232	8475	None
SRR059459_bin.25	36.97	20.25	Neural Network (Specific Model)	11	0.872	4778	297.207507082153	1440716	0.52	1412	348	18060	None
SRR059459_bin.26	64.53	0.04	Neural Network (Specific Model)	11	0.866	148248	352.14194780394655	1913807	0.42	1571	23	446525	None
SRR059459_bin.27	87.95	0.0	Neural Network (Specific Model)	11	0.903	84941	330.4483007953724	1514914	0.46	1383	27	314266	None
SRR059459_bin.28	25.55	0.04	Neural Network (Specific Model)	11	0.893	14516	354.38422391857506	467292	0.38	393	44	29613	None
SRR059459_bin.3	72.99	0.02	Neural Network (Specific Model)	11	0.871	116618	373.9807135969142	1333711	0.46	1037	18	282628	None
SRR059459_bin.30	85.56	0.83	Neural Network (Specific Model)	11	0.917	4539	300.0209464701319	1263104	0.27	1289	325	19654	None
SRR059459_bin.5	80.3	2.97	Neural Network (Specific Model)	11	0.878	10672	319.6055226824458	2210788	0.46	2028	281	43499	None
SRR059459_bin.6	98.21	1.8	Gradient Boost (General Model)	11	0.911	29496	335.4012158054711	1811813	0.53	1645	94	78033	None
SRR059459_bin.7	16.64	0.0	Neural Network (Specific Model)	11	0.876	2792	267.774011299435	324371	0.48	354	120	6677	None
SRR059459_bin.9	99.78	0.37	Neural Network (Specific Model)	11	0.891	84568	319.3333333333333	1474915	0.39	1374	29	227681	None
SRR513791_bin.2	48.87	0.44	Neural Network (Specific Model)	11	0.897	26152	300.20250284414107	880363	0.36	879	54	85239	None
SRR8692206_bin.1	9.63	5.55	Neural Network (Specific Model)	11	0.959	287764	364.29457364341084	293338	0.6	258	3	287764	None
SRR8692206_bin.10	24.88	0.01	Neural Network (Specific Model)	11	0.884	126486	288.97222222222223	387620	0.4	396	7	127241	None
SRR8692206_bin.12	10.43	0.03	Neural Network (Specific Model)	11	0.882	58401	305.404	259234	0.4	250	5	98055	None
SRR8692206_bin.13	61.47	6.46	Neural Network (Specific Model)	11	0.853	7390	245.20548744892002	1473580	0.39	1713	242	64115	None
SRR8692206_bin.14	81.23	0.65	Neural Network (Specific Model)	11	0.907	85987	353.39877121123465	3986997	0.46	3418	72	192798	None
SRR8692206_bin.18	96.05	1.37	Neural Network (Specific Model)	11	0.909	80411	342.5480972515856	2131960	0.59	1892	52	198815	None
SRR8692206_bin.19	14.47	0.0	Neural Network (Specific Model)	11	0.88	363311	306.42857142857144	576907	0.51	553	2	363311	None
SRR8692206_bin.2	94.52	0.66	Neural Network (Specific Model)	11	0.835	38865	302.1880236569739	4401059	0.28	4058	202	165982	None
SRR8692206_bin.20	15.52	0.0	Neural Network (Specific Model)	11	0.894	145531	335.7792592592593	759208	0.51	675	6	205556	None
SRR8692206_bin.21	48.26	0.43	Neural Network (Specific Model)	11	0.91	195860	360.72860492379834	2026426	0.45	1706	15	408499	None
SRR8692206_bin.22	41.18	0.44	Neural Network (Specific Model)	11	0.902	2950	242.05548805184284	1981787	0.56	2469	701	9178	None
SRR8692206_bin.24	54.93	0.11	Neural Network (Specific Model)	11	0.895	781933	316.5442083618917	1546386	0.37	1459	5	781933	None
SRR8692206_bin.25	15.26	0.0	Neural Network (Specific Model)	11	0.88	475839	310.3994673768309	793776	0.49	751	5	475839	None
SRR8692206_bin.27	99.99	0.35	Neural Network (Specific Model)	11	0.882	401300	324.07838983050846	2078559	0.39	1888	10	832773	None
SRR8692206_bin.3	99.68	0.92	Neural Network (Specific Model)	11	0.896	105061	359.5654069767442	4132717	0.46	3440	57	328529	None
SRR8692206_bin.30	6.84	0.0	Neural Network (Specific Model)	11	0.922	84444	420.1639344262295	416491	0.45	305	7	161141	None
SRR8692206_bin.31	6.8	0.0	Neural Network (Specific Model)	11	0.901	213003	282.9616724738676	269601	0.5	287	3	213003	None
SRR8692206_bin.32	12.69	0.02	Neural Network (Specific Model)	11	0.888	197682	310.2	329526	0.39	315	5	197682	None
SRR8692206_bin.33	12.31	0.01	Neural Network (Specific Model)	11	0.907	85872	362.0023255813953	514081	0.47	430	8	116379	None
SRR8692206_bin.4	25.14	0.0	Neural Network (Specific Model)	11	0.896	272822	325.84705882352944	1296261	0.51	1190	10	406964	None
SRR8692206_bin.6	8.47	0.0	Neural Network (Specific Model)	11	0.828	130590	326.07142857142856	231301	0.29	196	5	130590	None
SRR8692206_bin.7	9.82	0.05	Neural Network (Specific Model)	11	0.893	60747	299.39408866995075	407190	0.43	406	10	99166	None
SRR8692206_bin.8	7.49	0.0	Neural Network (Specific Model)	11	0.88	57233	324.6448087431694	202290	0.49	183	6	98064	None
SRR8692207_bin.11	100.0	1.1	Neural Network (Specific Model)	11	0.875	43570	336.5602240896359	3292096	0.64	2856	109	155269	None
SRR8692207_bin.15	67.27	0.07	Neural Network (Specific Model)	11	0.892	195851	367.54574132492115	3131356	0.43	2536	22	451523	None
SRR8692207_bin.16	5.96	0.01	Neural Network (Specific Model)	11	0.822	2181	210.26913580246912	309875	0.35	405	132	6829	None
SRR8692207_bin.17	14.65	0.0	Neural Network (Specific Model)	11	0.876	38372	391.28125	299924	0.61	224	16	53300	None
SRR8692207_bin.2	34.81	0.06	Neural Network (Specific Model)	11	0.879	251948	387.63647798742136	1050896	0.57	795	8	380665	None
SRR8692207_bin.20	78.02	0.63	Neural Network (Specific Model)	11	0.857	32558	300.8335974643423	1989556	0.47	1893	98	92281	None
SRR8692207_bin.22	99.99	0.29	Neural Network (Specific Model)	11	0.862	104874	291.1860465116279	2131930	0.37	2107	44	205830	None
SRR8692207_bin.23	55.07	0.3	Neural Network (Specific Model)	11	0.883	26212	334.2392223161454	1341673	0.6	1183	83	62561	None
SRR8692207_bin.25	8.71	0.0	Neural Network (Specific Model)	11	0.85	82432	286.02564102564105	274910	0.43	273	5	104331	None
SRR8692207_bin.26	33.85	1.94	Neural Network (Specific Model)	11	0.855	49782	302.61053984575835	1649186	0.41	1556	42	133644	None
SRR8692207_bin.27	20.89	0.02	Neural Network (Specific Model)	11	0.875	46047	343.8921568627451	600203	0.61	510	25	132274	None
SRR8692207_bin.29	50.16	0.12	Neural Network (Specific Model)	11	0.866	206345	332.3768267223382	1102475	0.39	958	6	366960	None
SRR8692207_bin.3	55.09	0.03	Neural Network (Specific Model)	11	0.905	130272	326.50290360046455	930459	0.38	861	9	200780	None
SRR8692207_bin.30	36.52	0.24	Neural Network (Specific Model)	11	0.888	113209	314.1002017484869	1575511	0.51	1487	27	421943	None
SRR8692207_bin.32	4.99	0.17	Neural Network (Specific Model)	11	0.906	180011	273.872	225689	0.48	250	2	180011	None
SRR8692207_bin.33	6.71	0.0	Neural Network (Specific Model)	11	0.914	243118	409.579766536965	345035	0.44	257	3	243118	None
SRR8692207_bin.4	27.15	0.18	Neural Network (Specific Model)	11	0.839	65194	320.6838156484459	1068053	0.42	933	22	179058	None
SRR8692207_bin.6	66.51	0.0	Neural Network (Specific Model)	11	0.895	81546	319.84444444444443	2792950	0.56	2610	59	235514	None
SRR8692207_bin.8	33.61	0.28	Neural Network (Specific Model)	11	0.884	76973	299.01691729323306	1616690	0.56	1596	43	153018	None
SRR8692207_bin.9	70.01	1.78	Neural Network (Specific Model)	11	0.888	178719	319.8559764859569	3304853	0.51	3062	32	375057	None
SRR8692213_bin.1	72.56	0.06	Neural Network (Specific Model)	11	0.891	221911	323.281898266553	3824449	0.56	3519	24	466156	None
SRR8692213_bin.10	8.81	0.0	Neural Network (Specific Model)	11	0.881	77388	341.21454545454543	318947	0.59	275	6	130568	None
SRR8692213_bin.14	99.83	0.62	Neural Network (Specific Model)	11	0.912	127250	360.0202348238821	4736537	0.45	4003	66	270121	None
SRR8692213_bin.16	95.64	4.31	Neural Network (Specific Model)	11	0.881	11990	287.8679328621908	2216372	0.39	2264	270	61250	None
SRR8692213_bin.17	100.0	0.18	Neural Network (Specific Model)	11	0.876	115367	339.97387669801464	3336890	0.64	2871	42	382974	None
SRR8692213_bin.2	59.39	0.39	Neural Network (Specific Model)	11	0.91	213651	359.2309606769537	2375672	0.46	2009	21	490297	None
SRR8692213_bin.21	19.79	0.0	Neural Network (Specific Model)	11	0.879	275523	332.94673123486683	468589	0.6	413	4	275523	None
SRR8692213_bin.24	4.77	0.0	Neural Network (Specific Model)	11	0.841	75833	280.0135135135135	294874	0.46	296	8	116537	None
SRR8692213_bin.26	41.29	1.52	Neural Network (Specific Model)	11	0.893	263584	341.3264705882353	1946971	0.5	1700	14	478106	None
SRR8692213_bin.27	39.62	0.1	Neural Network (Specific Model)	11	0.864	79732	338.5409836065574	930687	0.6	793	15	252936	None
SRR8692213_bin.5	36.9	0.5	Neural Network (Specific Model)	11	0.897	83595	366.7524682651622	1736595	0.41	1418	29	293100	None
SRR8692213_bin.6	17.56	0.02	Neural Network (Specific Model)	11	0.894	2406	250.6902050113895	368762	0.4	439	152	6435	None
SRR8692213_bin.8	92.26	11.1	Neural Network (Specific Model)	11	0.88	7392	273.2183468705208	1946597	0.39	2093	366	42645	None
SRR8692213_bin.9	20.5	0.0	Neural Network (Specific Model)	11	0.883	61190	298.4958083832335	845338	0.42	835	21	79534	None
ERR2641635_bin.1	71.6	19.05	Gradient Boost (General Model)	11	0.883	22601	302.01729106628244	2132572	0.42	2082	154	74923	None
ERR2641635_bin.15	69.01	20.42	Gradient Boost (General Model)	11	0.883	4043	265.29655033286264	4456537	0.4	4957	1221	37634	None
ERR2641635_bin.16	23.7	0.01	Neural Network (Specific Model)	11	0.884	147195	317.70410367170626	996998	0.42	926	13	256112	None
ERR2641635_bin.18	83.39	0.24	Neural Network (Specific Model)	11	0.892	21944	317.62901606425703	2125217	0.42	1992	148	111847	None
ERR2641635_bin.2	32.35	7.72	Neural Network (Specific Model)	11	0.876	3567	236.09883720930233	1664434	0.34	2064	505	25476	None
ERR2641635_bin.20	49.55	2.78	Gradient Boost (General Model)	11	0.905	3859	292.6186887716654	1285293	0.47	1327	365	19625	None
ERR2641635_bin.22	99.42	22.23	Neural Network (Specific Model)	11	0.908	12965	352.79654359780045	7410855	0.42	6365	884	143750	None
ERR2641635_bin.24	50.97	7.17	Neural Network (Specific Model)	11	0.899	3562	298.3957142857143	2086352	0.44	2100	620	18022	None
ERR2641635_bin.25	86.88	56.52	Neural Network (Specific Model)	11	0.874	29635	313.53141225337487	4142390	0.59	3852	223	188053	None
ERR2641635_bin.27	84.85	6.66	Neural Network (Specific Model)	11	0.87	37575	297.98034811903426	3652290	0.42	3562	225	126656	None
ERR2641635_bin.29	94.39	1.65	Neural Network (Specific Model)	11	0.891	52196	333.3533042846768	3085418	0.47	2754	88	127875	None
ERR2641635_bin.31	7.91	0.01	Neural Network (Specific Model)	11	0.835	21557	221.8271954674221	280570	0.44	353	20	53032	None
ERR2641635_bin.32	55.11	0.16	Neural Network (Specific Model)	11	0.885	19817	325.91804281345566	1803236	0.48	1635	148	56835	None
ERR2641635_bin.33	74.92	0.68	Neural Network (Specific Model)	11	0.895	6597	294.59722222222223	2128794	0.44	2160	399	29691	None
ERR2641635_bin.34	97.19	22.11	Gradient Boost (General Model)	11	0.859	20225	283.3863868240781	6773559	0.37	6861	650	89902	None
ERR2641635_bin.35	97.44	2.08	Neural Network (Specific Model)	11	0.911	24257	321.625	2478020	0.38	2344	153	84987	None
ERR2641635_bin.38	95.66	0.36	Gradient Boost (General Model)	11	0.878	19619	318.01433552886476	2799489	0.33	2581	248	95783	None
ERR2641635_bin.39	78.31	0.37	Neural Network (Specific Model)	11	0.914	39123	368.4372427983539	3520629	0.48	2916	122	165252	None
ERR2641635_bin.44	96.56	0.0	Neural Network (Specific Model)	11	0.91	22331	331.50363548230735	2250597	0.38	2063	148	54966	None
ERR2641635_bin.47	75.4	9.66	Neural Network (Specific Model)	11	0.875	50985	315.58987200890374	1940653	0.6	1797	63	165033	None
ERR2641635_bin.48	87.8	62.21	Neural Network (Specific Model)	11	0.886	13646	312.4126675313446	4886462	0.45	4626	525	60968	None
ERR2641635_bin.52	93.82	1.97	Gradient Boost (General Model)	11	0.888	34643	325.0040650406504	2693947	0.49	2460	121	184925	None
ERR2641635_bin.55	37.05	0.05	Neural Network (Specific Model)	11	0.921	84614	366.3165244375485	1536503	0.47	1289	22	147964	None
ERR2641635_bin.57	26.23	10.27	Neural Network (Specific Model)	11	0.85	12775	257.41305319624496	2026872	0.37	2237	265	72107	None
ERR2641635_bin.59	93.97	0.3	Neural Network (Specific Model)	11	0.898	63643	351.03000340947835	3434133	0.41	2933	95	170367	None
ERR2641635_bin.65	83.86	6.48	Neural Network (Specific Model)	11	0.896	64685	370.491341991342	3435248	0.4	2772	96	281625	None
ERR2641635_bin.9	6.03	0.02	Neural Network (Specific Model)	11	0.957	3753	416.62613981762917	429140	0.43	329	122	14696	None
ERR2641677_bin.16	86.43	4.47	Neural Network (Specific Model)	11	0.87	40397	317.16358024691357	2124576	0.59	1944	84	137971	None
ERR2641677_bin.21	88.02	0.78	Neural Network (Specific Model)	11	0.898	61823	317.05375388716124	2379269	0.41	2251	74	131051	None
ERR2641677_bin.28	96.02	14.39	Neural Network (Specific Model)	11	0.872	27045	313.125	4834359	0.43	4496	325	93289	None
ERR2641677_bin.29	25.57	0.0	Neural Network (Specific Model)	11	0.933	3229	326.47755834829445	1167255	0.45	1114	385	10266	None
ERR2641677_bin.3	97.65	22.11	Gradient Boost (General Model)	11	0.844	12149	278.0058221872541	6262407	0.37	6355	814	89936	None
ERR2641677_bin.31	50.85	0.05	Neural Network (Specific Model)	11	0.922	3486	304.4744958481613	1668247	0.61	1686	527	10434	None
ERR2641677_bin.33	99.95	2.83	Neural Network (Specific Model)	11	0.882	50197	324.734219269103	2654860	0.43	2408	94	168898	None
ERR2641677_bin.34	87.79	0.13	Neural Network (Specific Model)	11	0.903	86896	377.3690932311622	2940719	0.59	2349	53	297024	None
ERR2641677_bin.35	75.88	1.55	Gradient Boost (General Model)	11	0.901	6968	315.0935610103166	2942663	0.41	2811	534	31782	None
ERR2641677_bin.40	85.11	6.27	Gradient Boost (General Model)	11	0.919	8066	307.59453781512605	2386861	0.45	2380	391	45806	None
ERR2641677_bin.42	77.06	1.6	Neural Network (Specific Model)	11	0.881	6440	298.0260058881256	2065976	0.61	2038	403	33045	None
ERR2641677_bin.44	85.58	1.79	Neural Network (Specific Model)	11	0.885	14426	301.05069344811096	2131260	0.49	2091	210	107027	None
ERR2641677_bin.61	97.1	0.41	Neural Network (Specific Model)	11	0.896	73784	333.0314365300438	2797801	0.47	2513	72	182453	None
ERR2641677_bin.62	20.04	0.0	Neural Network (Specific Model)	11	0.886	252115	326.19612590799034	455341	0.46	413	6	252115	None
ERR2641677_bin.63	89.46	77.24	Neural Network (Specific Model)	11	0.888	13344	317.43890518084066	5475979	0.45	5115	621	69646	None
ERR2641677_bin.66	99.39	3.49	Neural Network (Specific Model)	11	0.86	33755	312.08166317678734	3632452	0.41	3343	248	89679	None
ERR2641677_bin.68	8.0	0.03	Neural Network (Specific Model)	11	0.924	2826	328.3421588594705	522909	0.42	491	186	8821	None
ERR2641677_bin.7	86.66	12.27	Neural Network (Specific Model)	11	0.905	17632	354.72181788775674	7258002	0.42	6183	636	96779	None
ERR2641677_bin.70	89.29	22.57	Neural Network (Specific Model)	11	0.914	10559	351.5233501760833	7529078	0.42	6531	1110	54530	None
ERR2641677_bin.72	36.23	0.05	Neural Network (Specific Model)	11	0.888	62804	322.3940520446097	877826	0.47	807	28	134026	None
ERR2641677_bin.74	81.71	0.7	Neural Network (Specific Model)	11	0.9	15808	314.6707692307692	2381758	0.42	2275	220	56386	None
ERR2641733_bin.10	6.45	0.01	Neural Network (Specific Model)	11	0.836	77925	244.13213213213214	291351	0.46	333	13	79740	None
ERR2641733_bin.11	86.67	112.52	Neural Network (Specific Model)	11	0.901	7358	305.34266201088633	19763395	0.44	19474	3812	85541	None
ERR2641733_bin.13	53.61	0.28	Neural Network (Specific Model)	11	0.902	238280	351.3912037037037	1008679	0.59	864	15	287588	None
ERR2641733_bin.15	100.0	0.48	Gradient Boost (General Model)	11	0.886	57684	310.07953890489915	1818652	0.54	1735	46	297419	None
ERR2641733_bin.16	93.76	3.4	Neural Network (Specific Model)	11	0.889	57041	319.1765903307888	2112274	0.6	1965	59	154428	None
ERR2641733_bin.17	94.59	0.35	Neural Network (Specific Model)	11	0.873	42629	335.36444212721585	2206965	0.61	1918	82	217326	None
ERR2641733_bin.18	42.55	2.15	Gradient Boost (General Model)	11	0.899	2554	244.50916666666666	976641	0.61	1200	376	14787	None
ERR2641733_bin.19	81.62	1.44	Neural Network (Specific Model)	11	0.913	9505	300.99887196841513	1751026	0.42	1773	268	31044	None
ERR2641733_bin.22	62.8	0.18	Neural Network (Specific Model)	11	0.877	118918	314.46337579617835	1348233	0.41	1256	18	200423	None
ERR2641733_bin.24	26.61	1.27	Neural Network (Specific Model)	11	0.938	2854	310.7288273615635	1218066	0.46	1228	442	10076	None
ERR2641733_bin.26	66.92	1.66	Neural Network (Specific Model)	11	0.899	4248	290.76784741144417	1776974	0.57	1835	496	13484	None
ERR2641733_bin.34	98.47	102.6	Neural Network (Specific Model)	11	0.924	4221	338.56389077236025	17805336	0.43	16223	4780	59092	None
ERR2641733_bin.43	99.72	1.44	Neural Network (Specific Model)	11	0.885	52810	323.62037914691945	2309719	0.44	2110	70	120069	None
ERR2641733_bin.45	96.0	0.14	Neural Network (Specific Model)	11	0.836	14733	325.95571095571097	2503978	0.56	2145	245	70630	None
ERR2641733_bin.46	99.04	2.19	Neural Network (Specific Model)	11	0.907	9052	301.3789667896679	2695840	0.38	2710	407	72002	None
ERR2641733_bin.49	97.79	3.64	Gradient Boost (General Model)	11	0.886	16953	318.5436447166922	2813616	0.49	2612	246	124603	None
ERR2641733_bin.54	12.1	0.97	Neural Network (Specific Model)	11	0.892	1988	228.54868421052632	582171	0.35	760	278	6639	None
ERR2641733_bin.56	84.4	0.46	Neural Network (Specific Model)	11	0.894	48101	352.595490263068	3458332	0.4	2927	136	156562	None
ERR2641733_bin.57	79.6	4.57	Neural Network (Specific Model)	11	0.869	12561	292.24089775561094	2020141	0.58	2005	240	74844	None
ERR2641733_bin.59	91.12	2.66	Gradient Boost (General Model)	11	0.9	32856	314.8676888131743	1845188	0.63	1761	79	86783	None
ERR2641733_bin.63	7.45	0.18	Neural Network (Specific Model)	11	0.866	16272	289.8490566037736	371620	0.52	371	38	47153	None
ERR2641733_bin.66	68.17	5.05	Gradient Boost (General Model)	11	0.91	4228	260.87029089175013	1800033	0.57	2097	489	20631	None
ERR2641733_bin.67	55.36	0.27	Neural Network (Specific Model)	11	0.92	36202	387.9992565055762	1699961	0.61	1345	74	93191	None
ERR2641733_bin.68	16.65	0.0	Neural Network (Specific Model)	11	0.914	74670	328.6056034482759	499203	0.42	464	28	99112	None
ERR2641733_bin.69	91.47	1.82	Gradient Boost (General Model)	11	0.878	7393	309.60578386605783	2776753	0.58	2628	481	37016	None
ERR2641733_bin.76	81.07	45.33	Neural Network (Specific Model)	11	0.88	5253	275.83062697338744	4163921	0.6	4434	968	24750	None
ERR2641733_bin.78	94.5	6.28	Neural Network (Specific Model)	11	0.912	73234	371.6881203007519	4059541	0.47	3325	86	261121	None
ERR2641733_bin.8	98.56	0.17	Gradient Boost (General Model)	11	0.91	205899	338.5042067307692	1853463	0.54	1664	12	391881	None
ERR2641733_bin.82	79.64	0.68	Gradient Boost (General Model)	11	0.867	8817	305.87663107947805	1781230	0.5	1686	259	54579	None
SRR059458_bin.12	100.0	91.7	Neural Network (Specific Model)	11	0.937	42937	320.6429731925264	2519081	0.28	2462	98	123619	None
SRR059458_bin.15	69.77	2.84	Gradient Boost (General Model)	11	0.91	62536	364.4233870967742	1189988	0.43	992	34	169265	None
SRR059458_bin.16	35.86	0.01	Neural Network (Specific Model)	11	0.868	132656	360.01532033426184	892410	0.43	718	12	249635	None
SRR059458_bin.17	22.35	0.36	Neural Network (Specific Model)	11	0.949	1954	244.73275862068965	268239	0.31	348	130	4874	None
SRR059458_bin.23	75.52	0.18	Neural Network (Specific Model)	11	0.88	12279	328.73297491039426	1873706	0.47	1674	222	43257	None
SRR059458_bin.3	99.88	0.55	Neural Network (Specific Model)	11	0.91	41822	351.416087962963	1998228	0.56	1728	80	139103	None
SRR059458_bin.31	92.37	0.05	Neural Network (Specific Model)	11	0.865	142440	370.13551020408164	1570125	0.46	1225	18	294352	None
SRR059458_bin.32	61.49	0.08	Neural Network (Specific Model)	11	0.862	93733	346.04362880886424	1735479	0.42	1444	46	247722	None
SRR059459_bin.1	23.62	0.0	Neural Network (Specific Model)	11	0.871	107025	357.22049689440996	396042	0.42	322	3	194789	None
SRR059459_bin.14	32.27	0.02	Neural Network (Specific Model)	11	0.958	2701	298.4467618002195	849666	0.45	911	318	9877	None
SRR059459_bin.16	73.02	0.34	Neural Network (Specific Model)	11	0.9	4380	299.7914691943128	1685389	0.48	1688	452	17913	None
SRR059459_bin.17	100.0	92.34	Neural Network (Specific Model)	11	0.939	51002	322.09004934210526	2494338	0.27	2432	86	147104	None
SRR059459_bin.23	87.99	1.63	Neural Network (Specific Model)	11	0.882	7328	318.0211081794195	2046911	0.39	1895	363	24966	None
SRR059459_bin.29	25.01	0.0	Neural Network (Specific Model)	11	0.858	100048	345.2135416666667	462881	0.41	384	11	167489	None
SRR059459_bin.31	45.23	0.08	Neural Network (Specific Model)	11	0.877	192966	390.640562248996	664705	0.44	498	10	243680	None
SRR059459_bin.4	48.4	0.02	Neural Network (Specific Model)	11	0.891	18682	306.2371134020619	699336	0.37	679	50	32230	None
SRR059459_bin.8	84.01	1.06	Neural Network (Specific Model)	11	0.88	10909	328.78962536023056	1165384	0.43	1041	162	57496	None
SRR513791_bin.1	82.45	0.02	Neural Network (Specific Model)	11	0.91	87820	319.204	1314646	0.34	1250	28	154151	None
SRR513791_bin.3	39.05	0.01	Neural Network (Specific Model)	11	0.877	20799	285.8005319148936	734322	0.38	752	48	62084	None
SRR8692206_bin.11	23.13	0.07	Neural Network (Specific Model)	11	0.895	656118	324.7049356223176	1013264	0.51	932	2	656118	None
SRR8692206_bin.15	89.1	5.02	Neural Network (Specific Model)	11	0.839	7850	261.2815390307066	2521301	0.32	2703	466	30425	None
SRR8692206_bin.16	9.92	0.0	Neural Network (Specific Model)	11	0.886	44499	366.37089201877933	263903	0.4	213	8	77581	None
SRR8692206_bin.17	99.62	0.13	Neural Network (Specific Model)	11	0.899	58227	303.1651234567901	1962636	0.35	1944	44	173646	None
SRR8692206_bin.23	100.0	0.36	Neural Network (Specific Model)	11	0.907	115804	310.3720930232558	2029078	0.39	1978	26	261023	None
SRR8692206_bin.26	43.43	0.72	Neural Network (Specific Model)	11	0.886	189940	318.06457739791074	1132359	0.38	1053	11	229500	None
SRR8692206_bin.28	45.29	0.21	Neural Network (Specific Model)	11	0.917	154673	363.69833436150526	1925884	0.46	1621	16	279423	None
SRR8692206_bin.29	9.8	0.0	Neural Network (Specific Model)	11	0.842	10997	245.65808823529412	475233	0.28	544	74	39906	None
SRR8692206_bin.34	4.44	0.0	Neural Network (Specific Model)	11	0.839	141861	264.10599078341016	204617	0.48	217	3	141861	None
SRR8692206_bin.5	15.02	0.16	Neural Network (Specific Model)	11	0.883	269137	311.7406340057637	366867	0.41	347	2	269137	None
SRR8692206_bin.9	84.26	1.33	Neural Network (Specific Model)	11	0.897	35351	309.67290283645144	1712702	0.43	1657	75	136577	None
SRR8692207_bin.1	11.68	0.0	Neural Network (Specific Model)	11	0.902	421107	376.58235294117645	638318	0.45	510	3	421107	None
SRR8692207_bin.10	99.99	0.09	Neural Network (Specific Model)	11	0.905	166833	337.9264069264069	2582442	0.63	2310	27	470957	None
SRR8692207_bin.12	99.97	1.79	Neural Network (Specific Model)	11	0.908	215432	370.8189129229063	4416135	0.43	3606	34	445593	None
SRR8692207_bin.13	62.49	0.48	Neural Network (Specific Model)	11	0.893	336029	325.9931402439024	1434316	0.59	1312	6	594509	None
SRR8692207_bin.14	95.26	0.64	Neural Network (Specific Model)	11	0.859	122286	351.10904370402426	2831402	0.65	2311	41	249780	None
SRR8692207_bin.18	6.06	0.0	Neural Network (Specific Model)	11	0.861	9933	258.2591362126246	269714	0.59	301	47	53580	None
SRR8692207_bin.19	75.02	0.71	Neural Network (Specific Model)	11	0.916	5922	275.156	1349862	0.46	1500	286	22629	None
SRR8692207_bin.21	83.96	0.65	Neural Network (Specific Model)	11	0.911	155072	365.68708272859215	4144466	0.45	3445	40	543525	None
SRR8692207_bin.24	99.99	0.17	Neural Network (Specific Model)	11	0.9	206962	368.00395256916994	5270907	0.41	4301	62	340207	None
SRR8692207_bin.28	15.94	0.1	Neural Network (Specific Model)	11	0.886	2282	228.60737527114966	356310	0.39	461	155	8958	None
SRR8692207_bin.31	20.1	0.02	Neural Network (Specific Model)	11	0.896	549851	348.3826666666667	873376	0.43	750	4	549851	None
SRR8692207_bin.34	9.53	0.09	Neural Network (Specific Model)	11	0.885	187934	332.957928802589	348270	0.42	309	2	187934	None
SRR8692207_bin.5	21.35	0.03	Neural Network (Specific Model)	11	0.858	30855	294.7970779220779	633654	0.46	616	28	61502	None
SRR8692207_bin.7	35.76	0.17	Neural Network (Specific Model)	11	0.858	110014	301.6356275303644	1039433	0.45	988	14	233368	None
SRR8692213_bin.11	19.44	1.88	Neural Network (Specific Model)	11	0.891	2153	204.47743055555554	395299	0.4	576	184	4713	None
SRR8692213_bin.12	99.97	2.64	Neural Network (Specific Model)	11	0.904	148730	360.7965242577842	4954633	0.42	4143	49	481125	None
SRR8692213_bin.13	11.94	0.0	Neural Network (Specific Model)	11	0.873	3223	227.42567567567568	230825	0.4	296	78	20136	None
SRR8692213_bin.15	13.02	0.01	Neural Network (Specific Model)	11	0.87	125038	317.47235387045816	691563	0.43	633	14	145415	None
SRR8692213_bin.18	92.77	1.97	Neural Network (Specific Model)	11	0.888	53449	309.5227151256013	1953459	0.42	1871	51	189894	None
SRR8692213_bin.19	74.25	5.3	Neural Network (Specific Model)	11	0.908	2871	235.999430523918	1367365	0.4	1756	502	11374	None
SRR8692213_bin.20	4.23	0.01	Neural Network (Specific Model)	11	0.882	157683	310.41013824884794	228895	0.48	217	4	157683	None
SRR8692213_bin.22	38.93	0.23	Neural Network (Specific Model)	11	0.916	125784	391.95528743789924	1807161	0.47	1409	20	195969	None
SRR8692213_bin.23	27.4	0.01	Neural Network (Specific Model)	11	0.882	246179	317.5941028858218	1718855	0.56	1594	11	395368	None
SRR8692213_bin.25	25.64	0.0	Neural Network (Specific Model)	11	0.873	544421	322.34003350083754	659859	0.6	597	4	544421	None
SRR8692213_bin.3	82.62	1.38	Neural Network (Specific Model)	11	0.838	7032	307.3164039696439	1883481	0.6	1713	339	31513	None
SRR8692213_bin.4	70.15	0.55	Neural Network (Specific Model)	11	0.895	145144	322.61461318051573	3768288	0.49	3490	41	504900	None
SRR8692213_bin.7	41.36	0.03	Neural Network (Specific Model)	11	0.901	95969	379.87887323943664	1793524	0.42	1420	29	236691	None
